{"GLCM": {"RandomForest": 0.8957055214723927, "SVM": 0.7730061349693251, "LGB": 0.8773006134969326, "AvrageAccuracy": 0.8486707566462168, "MaxAccuracy": 0.8957055214723927}, "SIFT": {"RandomForest": 0.7914110429447853, "SVM": 0.7668711656441718, "LGB": 0.7730061349693251, "AvrageAccuracy": 0.7770961145194274, "MaxAccuracy": 0.7914110429447853}, "HOG": {"RandomForest": 0.803680981595092, "SVM": 0.7668711656441718, "LGB": 0.7484662576687117, "AvrageAccuracy": 0.7730061349693251, "MaxAccuracy": 0.803680981595092}}